protein,score
ELN,0.09645747
CGA,0.09012091
EDA2R,0.08158905
KRT8,0.06806297
SCARF2,0.068047404
CXCL17,0.06764576
PTPRC,0.0672
GFAP,0.058628537
NEFL,0.056035854
GDF15,0.05449613
LTBP2,0.064883225
PAEP,0.06629858
COL9A1,0.063968845
TSPAN1,0.05144398
INSL3,0.041343484
KLK4,0.042967446
IGF1,0.056
GFPB2,0.055
VCAM1,0.054
B2M,0.0534
